timeStamp,word,hot,href
2023-04-21 22:00,张子枫 C位烫脚,1825991,https://m.weibo.cn/p/index?containerid=231522type%3D60%26q%3D%23张子枫 C位烫脚%23%26t%3D0&title=热门-
2023-04-21 22:00,哇唧唧哇 空座,1236778,https://m.weibo.cn/p/index?containerid=231522type%3D60%26q%3D%23哇唧唧哇 空座%23%26t%3D0&title=热门-
2023-04-21 22:00,县在出发,1140498,https://m.weibo.cn/p/index?containerid=231522type%3D60%26q%3D%23县在出发%23%26t%3D0&title=热门-
2023-04-21 22:00,赵小棠红毯摔倒,1060133,https://m.weibo.cn/p/index?containerid=231522type%3D60%26q%3D%23赵小棠红毯摔倒%23%26t%3D0&title=热门-
2023-04-21 22:00,中方要求韩方在台湾问题上谨言慎行,840697,https://m.weibo.cn/p/index?containerid=231522type%3D60%26q%3D%23中方要求韩方在台湾问题上谨言慎行%23%26t%3D0&title=热门-
2023-04-21 22:00,老番茄求婚,811722,https://m.weibo.cn/p/index?containerid=231522type%3D60%26q%3D%23老番茄求婚%23%26t%3D0&title=热门-
2023-04-21 22:00,唐诗逸 白玉兰戏剧主角奖,772292,https://m.weibo.cn/p/index?containerid=231522type%3D60%26q%3D%23唐诗逸 白玉兰戏剧主角奖%23%26t%3D0&title=热门-
2023-04-21 22:00,胡先煦 发腮,725355,https://m.weibo.cn/p/index?containerid=231522type%3D60%26q%3D%23胡先煦 发腮%23%26t%3D0&title=热门-
2023-04-21 22:00,樊振东2比3A勒布伦,723593,https://m.weibo.cn/p/index?containerid=231522type%3D60%26q%3D%23樊振东2比3A勒布伦%23%26t%3D0&title=热门-
2023-04-21 22:00,樊振东vsA勒布伦,501517,https://m.weibo.cn/p/index?containerid=231522type%3D60%26q%3D%23樊振东vsA勒布伦%23%26t%3D0&title=热门-
2023-04-21 22:00,白鹿 孙珍妮,488544,https://m.weibo.cn/p/index?containerid=231522type%3D60%26q%3D%23白鹿 孙珍妮%23%26t%3D0&title=热门-
2023-04-21 22:00,白百何说自己掉了1.2斤脂肪,484869,https://m.weibo.cn/p/index?containerid=231522type%3D60%26q%3D%23白百何说自己掉了1.2斤脂肪%23%26t%3D0&title=热门-
2023-04-21 22:00,章子怡的脸能打,480851,https://m.weibo.cn/p/index?containerid=231522type%3D60%26q%3D%23章子怡的脸能打%23%26t%3D0&title=热门-
2023-04-21 22:00,宝马MINI,460149,https://m.weibo.cn/p/index?containerid=231522type%3D60%26q%3D%23宝马MINI%23%26t%3D0&title=热门-
2023-04-21 22:00,下雪,386880,https://m.weibo.cn/p/index?containerid=231522type%3D60%26q%3D%23下雪%23%26t%3D0&title=热门-
2023-04-21 22:00,魏晨状态,380173,https://m.weibo.cn/p/index?containerid=231522type%3D60%26q%3D%23魏晨状态%23%26t%3D0&title=热门-
2023-04-21 22:00,灌篮高手,377259,https://m.weibo.cn/p/index?containerid=231522type%3D60%26q%3D%23灌篮高手%23%26t%3D0&title=热门-
2023-04-21 22:00,男方择偶条件要求女方没弟弟,347642,https://m.weibo.cn/p/index?containerid=231522type%3D60%26q%3D%23男方择偶条件要求女方没弟弟%23%26t%3D0&title=热门-
2023-04-21 22:00,原来考个本科真的很难,301899,https://m.weibo.cn/p/index?containerid=231522type%3D60%26q%3D%23原来考个本科真的很难%23%26t%3D0&title=热门-
2023-04-21 22:00,北影节红毯女星造型,281637,https://m.weibo.cn/p/index?containerid=231522type%3D60%26q%3D%23北影节红毯女星造型%23%26t%3D0&title=热门-
2023-04-21 22:00,娜扎的耳饰好大,279062,https://m.weibo.cn/p/index?containerid=231522type%3D60%26q%3D%23娜扎的耳饰好大%23%26t%3D0&title=热门-
2023-04-21 22:00,流川枫 樱木花道,273591,https://m.weibo.cn/p/index?containerid=231522type%3D60%26q%3D%23流川枫 樱木花道%23%26t%3D0&title=热门-
2023-04-21 22:00,华侨大学时隔八年再夺东南王,267110,https://m.weibo.cn/p/index?containerid=231522type%3D60%26q%3D%23华侨大学时隔八年再夺东南王%23%26t%3D0&title=热门-
2023-04-21 22:00,专家称生育率降低不只因为房价高,232944,https://m.weibo.cn/p/index?containerid=231522type%3D60%26q%3D%23专家称生育率降低不只因为房价高%23%26t%3D0&title=热门-
2023-04-21 22:00,九尾 探草,202263,https://m.weibo.cn/p/index?containerid=231522type%3D60%26q%3D%23九尾 探草%23%26t%3D0&title=热门-
2023-04-21 22:00,薛之谦演唱会,191157,https://m.weibo.cn/p/index?containerid=231522type%3D60%26q%3D%23薛之谦演唱会%23%26t%3D0&title=热门-
2023-04-21 22:00,何悯鸿恋爱脑,188734,https://m.weibo.cn/p/index?containerid=231522type%3D60%26q%3D%23何悯鸿恋爱脑%23%26t%3D0&title=热门-
2023-04-21 22:00,SEVENTEEN 克拉盘,185278,https://m.weibo.cn/p/index?containerid=231522type%3D60%26q%3D%23SEVENTEEN 克拉盘%23%26t%3D0&title=热门-
2023-04-21 22:00,cp29 抢票,175655,https://m.weibo.cn/p/index?containerid=231522type%3D60%26q%3D%23cp29 抢票%23%26t%3D0&title=热门-
2023-04-21 22:00,殡葬业有多赚钱,174145,https://m.weibo.cn/p/index?containerid=231522type%3D60%26q%3D%23殡葬业有多赚钱%23%26t%3D0&title=热门-
2023-04-21 22:00,宝马mini两名发冰淇淋女生已离职,173117,https://m.weibo.cn/p/index?containerid=231522type%3D60%26q%3D%23宝马mini两名发冰淇淋女生已离职%23%26t%3D0&title=热门-
2023-04-21 22:00,蔡徐坤隔空点亮水立方,172198,https://m.weibo.cn/p/index?containerid=231522type%3D60%26q%3D%23蔡徐坤隔空点亮水立方%23%26t%3D0&title=热门-
2023-04-21 22:00,文彬,170513,https://m.weibo.cn/p/index?containerid=231522type%3D60%26q%3D%23文彬%23%26t%3D0&title=热门-
2023-04-21 22:00,张子枫帆布鞋配礼服,169546,https://m.weibo.cn/p/index?containerid=231522type%3D60%26q%3D%23张子枫帆布鞋配礼服%23%26t%3D0&title=热门-
2023-04-21 22:00,安以轩未现身陈荣炼庭审现场,168100,https://m.weibo.cn/p/index?containerid=231522type%3D60%26q%3D%23安以轩未现身陈荣炼庭审现场%23%26t%3D0&title=热门-
2023-04-21 22:00,王源巡演预售,166886,https://m.weibo.cn/p/index?containerid=231522type%3D60%26q%3D%23王源巡演预售%23%26t%3D0&title=热门-
2023-04-21 22:00,白玉兰戏剧表演艺术奖,166599,https://m.weibo.cn/p/index?containerid=231522type%3D60%26q%3D%23白玉兰戏剧表演艺术奖%23%26t%3D0&title=热门-
2023-04-21 22:00,浙大学生因辱华言论被拒录公务员,162552,https://m.weibo.cn/p/index?containerid=231522type%3D60%26q%3D%23浙大学生因辱华言论被拒录公务员%23%26t%3D0&title=热门-
2023-04-21 22:00,司机拦住特警巡逻车救了自己一命,155194,https://m.weibo.cn/p/index?containerid=231522type%3D60%26q%3D%23司机拦住特警巡逻车救了自己一命%23%26t%3D0&title=热门-
2023-04-21 22:00,TTG bp我没懂,148515,https://m.weibo.cn/p/index?containerid=231522type%3D60%26q%3D%23TTG bp我没懂%23%26t%3D0&title=热门-
2023-04-21 22:00,灌篮高手票房破2亿,147157,https://m.weibo.cn/p/index?containerid=231522type%3D60%26q%3D%23灌篮高手票房破2亿%23%26t%3D0&title=热门-
2023-04-21 22:00,五哈主题曲,146631,https://m.weibo.cn/p/index?containerid=231522type%3D60%26q%3D%23五哈主题曲%23%26t%3D0&title=热门-
2023-04-21 22:00,repo,145248,https://m.weibo.cn/p/index?containerid=231522type%3D60%26q%3D%23repo%23%26t%3D0&title=热门-
2023-04-21 22:00,鹿晗跳土味舞蹈,144079,https://m.weibo.cn/p/index?containerid=231522type%3D60%26q%3D%23鹿晗跳土味舞蹈%23%26t%3D0&title=热门-
2023-04-21 22:00,B站崩了,142242,https://m.weibo.cn/p/index?containerid=231522type%3D60%26q%3D%23B站崩了%23%26t%3D0&title=热门-
2023-04-21 22:00,北京电影节男明星怼脸图,140592,https://m.weibo.cn/p/index?containerid=231522type%3D60%26q%3D%23北京电影节男明星怼脸图%23%26t%3D0&title=热门-
2023-04-21 22:00,专家称二套房贷政策是在帮助富人,139904,https://m.weibo.cn/p/index?containerid=231522type%3D60%26q%3D%23专家称二套房贷政策是在帮助富人%23%26t%3D0&title=热门-
2023-04-21 22:00,父母姓氏组合而来的名字,125111,https://m.weibo.cn/p/index?containerid=231522type%3D60%26q%3D%23父母姓氏组合而来的名字%23%26t%3D0&title=热门-
2023-04-21 22:00,TTG对战KSG,119274,https://m.weibo.cn/p/index?containerid=231522type%3D60%26q%3D%23TTG对战KSG%23%26t%3D0&title=热门-
2023-04-21 22:00,孙颖莎晋级澳门赛四强,116987,https://m.weibo.cn/p/index?containerid=231522type%3D60%26q%3D%23孙颖莎晋级澳门赛四强%23%26t%3D0&title=热门-
